heart_rate,enhanced_speed,cadence
82,0.0,0
80,0.0,0
79,0.0,0
77,0.0,0
75,0.0,0
74,0.0,0
74,0.0,0
73,0.0,93
74,0.0,95
75,1.222,93
76,1.232,94
77,2.538,94
78,2.585,94
79,2.594,94
82,2.613,94
84,2.622,94
86,2.622,95
88,2.622,95
88,2.65,95
90,2.669,95
92,2.678,95
94,2.697,95
96,2.706,95
100,2.706,94
103,2.706,94
106,2.697,94
108,2.706,93
109,2.706,93
111,2.697,94
112,2.687,94
112,2.678,94
113,2.678,94
114,2.678,93
115,2.669,93
115,2.65,92
117,2.622,92
118,2.594,92
119,2.566,92
120,2.51,92
121,2.445,91
122,2.407,91
123,2.37,90
124,2.342,90
124,2.305,90
125,2.249,90
125,2.193,90
126,2.155,90
127,2.109,88
127,2.006,87
127,1.959,86
128,1.959,86
128,2.118,86
128,2.211,89
128,2.267,90
128,2.323,90
128,2.351,90
128,2.389,90
128,2.435,89
128,2.463,89
128,2.501,89
128,2.529,88
128,2.547,88
128,2.557,89
128,2.585,90
128,2.613,90
129,2.631,90
129,2.65,90
129,2.669,90
129,2.678,90
130,2.687,91
130,2.715,91
131,2.734,91
131,2.753,91
131,2.762,91
131,2.781,90
131,2.79,90
131,2.809,90
131,2.827,91
131,2.837,91
131,2.846,90
131,2.865,90
131,2.874,90
131,2.893,90
131,2.902,91
130,2.911,91
130,2.921,90
130,2.93,90
130,2.939,90
129,2.948,90
129,2.958,91
129,2.967,91
129,2.976,91
128,2.986,91
128,2.995,91
128,3.004,91
127,3.014,91
127,3.014,91
127,3.023,91
127,3.032,90
126,3.032,90
126,3.042,90
126,3.051,90
125,3.051,90
125,3.06,90
125,3.06,90
125,3.07,90
125,3.07,90
124,3.079,90
124,3.079,90
124,3.088,91
124,3.088,92
124,3.098,92
124,3.098,92
124,3.107,92
124,3.116,91
124,3.116,91
124,3.116,91
124,3.126,91
123,3.126,91
123,3.135,91
123,3.135,91
123,3.135,90
122,3.144,90
122,3.144,90
122,3.144,90
122,3.144,91
121,3.154,90
121,3.154,90
121,3.154,90
121,3.154,89
121,3.163,89
121,3.163,89
120,3.163,89
120,3.163,89
120,3.163,89
119,3.163,90
119,3.163,90
118,3.163,90
117,3.163,90
117,3.163,90
117,3.163,90
117,3.163,90
116,3.163,90
116,3.163,90
116,3.163,90
116,3.172,90
117,3.172,90
117,3.172,90
117,3.172,90
117,3.182,90
117,3.182,90
117,3.182,91
117,3.182,91
117,3.182,91
117,3.191,91
118,3.191,91
118,3.191,91
118,3.191,92
119,3.191,92
119,3.2,92
120,3.2,92
120,3.2,91
121,3.2,91
121,3.21,91
122,3.21,90
122,3.219,90
121,3.219,90
121,3.228,90
121,3.228,91
120,3.228,91
120,3.238,91
119,3.247,91
119,3.247,91
119,3.247,91
118,3.256,91
118,3.256,91
118,3.256,91
118,3.266,91
118,3.266,91
117,3.266,91
117,3.266,90
117,3.266,90
117,3.266,90
117,3.266,90
117,3.266,90
116,3.266,90
116,3.266,90
116,3.266,90
116,3.266,90
116,3.266,91
115,3.266,91
115,3.266,91
115,3.266,90
115,3.266,89
115,3.266,89
115,3.256,90
115,3.256,91
115,3.256,91
115,3.247,90
115,3.247,90
114,3.247,90
114,3.247,90
114,3.247,90
114,3.247,90
114,3.238,90
114,3.238,90
114,3.238,90
113,3.238,90
113,3.238,90
113,3.238,91
113,3.247,92
113,3.247,92
114,3.247,92
114,3.247,91
114,3.256,91
114,3.256,92
114,3.256,92
115,3.266,92
115,3.266,93
115,3.266,93
116,3.275,92
116,3.275,92
117,3.275,91
117,3.275,91
118,3.275,92
118,3.275,92
118,3.275,91
119,3.275,91
120,3.266,91
120,3.266,92
121,3.266,92
121,3.266,92
122,3.266,92
123,3.266,92
123,3.266,92
124,3.266,92
125,3.266,92
125,3.256,92
126,3.256,92
127,3.256,93
128,3.256,93
129,3.256,93
129,3.247,93
130,3.247,93
130,3.247,93
132,3.238,93
133,3.238,93
134,3.228,92
134,3.228,92
135,3.219,92
136,3.219,92
136,3.21,92
137,3.21,92
138,3.21,92
138,3.2,92
139,3.2,91
139,3.191,91
140,3.191,91
141,3.182,91
141,3.182,91
142,3.182,91
143,3.172,91
143,3.172,91
144,3.023,90
144,2.958,90
144,2.939,90
145,2.902,90
145,2.827,90
146,2.827,91
146,2.594,91
147,2.482,91
147,2.417,91
147,2.361,91
148,2.295,90
148,2.249,90
148,2.239,90
148,2.239,91
149,2.23,91
149,2.23,91
149,2.239,90
149,2.258,90
150,2.267,90
150,2.277,91
150,2.286,91
150,2.295,90
150,2.305,90
150,2.314,90
150,2.314,90
150,2.323,90
150,2.333,90
150,2.342,90
151,2.379,90
151,2.417,91
151,2.435,91
151,2.435,91
151,2.435,91
151,2.426,91
151,2.398,91
152,2.379,91
152,2.37,91
152,2.361,90
152,2.361,90
152,2.361,90
153,2.361,91
153,2.361,91
154,2.361,91
154,2.361,90
155,2.361,90
155,2.361,90
155,2.361,90
155,2.361,90
156,2.361,91
156,2.361,91
155,2.361,91
155,2.351,90
155,2.351,90
155,2.351,90
155,2.342,90
155,2.342,90
155,2.333,90
154,2.333,90
155,2.323,90
155,2.314,91
154,2.305,91
154,2.305,90
154,2.305,90
154,2.295,90
154,2.295,90
154,2.295,91
154,2.295,91
154,2.295,91
154,2.295,91
155,2.305,91
155,2.305,90
155,2.305,90
155,2.305,90
156,2.305,90
156,2.305,90
156,2.314,91
156,2.314,91
157,2.314,91
157,2.314,91
157,2.314,91
157,2.314,90
157,2.323,90
157,2.323,90
158,2.323,89
158,2.333,89
158,2.333,90
158,2.342,90
158,2.342,91
158,2.351,91
159,2.361,90
159,2.361,90
159,2.37,91
159,2.37,91
159,2.37,91
159,2.37,91
159,2.379,90
159,2.379,90
160,2.379,90
160,2.389,91
159,2.389,91
159,2.389,90
159,2.398,90
159,2.398,89
159,2.407,89
160,2.407,90
160,2.417,90
160,2.426,90
160,2.454,90
160,2.491,91
160,2.51,91
160,2.529,90
159,2.547,90
159,2.566,90
159,2.594,90
159,2.622,91
159,2.65,91
159,2.678,90
158,2.706,90
158,2.743,90
158,2.781,90
158,2.809,90
158,2.827,90
157,2.865,90
157,2.902,90
157,2.921,91
156,2.948,91
156,2.967,91
155,2.995,91
155,3.023,91
154,3.032,91
154,3.042,91
154,3.06,91
153,3.07,91
153,3.088,91
152,3.098,91
152,3.107,91
151,3.116,91
151,3.144,91
150,3.163,91
150,3.163,91
149,3.154,91
149,3.154,91
148,3.144,92
147,3.135,91
147,3.126,91
146,3.126,92
146,3.116,91
145,3.116,91
144,3.116,91
144,3.116,91
143,3.126,91
143,3.135,91
143,3.135,91
142,3.144,91
141,3.144,91
141,3.154,91
141,3.163,91
141,3.172,91
140,3.182,91
140,3.182,92
140,3.191,92
140,3.2,92
139,3.21,92
139,3.21,92
139,3.219,92
138,3.228,92
138,3.228,92
138,3.238,93
137,3.238,93
137,3.247,93
137,3.247,93
136,3.247,93
136,3.256,92
136,3.256,92
136,3.256,92
136,3.266,92
136,3.266,93
136,3.266,93
136,3.266,93
136,3.266,93
136,3.266,93
136,3.266,93
137,3.266,93
137,3.266,93
137,3.266,93
137,3.266,93
137,3.266,93
137,3.266,93
137,3.266,93
137,3.266,93
137,3.256,93
137,3.256,92
137,3.247,92
137,3.247,92
137,3.247,91
137,3.247,91
137,3.238,91
137,3.238,91
137,3.228,91
137,3.228,91
137,3.228,92
137,3.228,92
137,3.228,92
138,3.228,92
138,3.228,92
138,3.228,92
138,3.228,92
138,3.238,92
138,3.238,92
139,3.238,92
139,3.238,92
139,3.238,92
139,3.238,92
139,3.238,92
139,3.238,92
139,3.238,92
139,3.238,91
139,3.228,92
138,3.228,92
138,3.228,92
138,3.228,92
138,3.228,92
138,3.228,92
137,3.228,92
137,3.238,92
137,3.238,92
137,3.238,92
136,3.238,92
136,3.238,92
136,3.247,93
136,3.247,93
136,3.247,93
136,3.247,93
135,3.247,93
135,3.256,93
135,3.256,93
135,3.256,94
134,3.256,94
135,3.256,94
135,3.256,94
135,3.256,93
135,3.266,93
135,3.266,93
135,3.266,93
135,3.266,93
135,3.266,93
135,3.266,93
134,3.266,93
135,3.266,93
135,3.266,92
135,3.266,92
135,3.266,92
135,3.266,92
135,3.256,92
135,3.256,91
135,3.256,90
135,3.247,90
135,3.247,90
135,3.247,90
136,3.238,90
136,3.238,90
136,3.238,90
136,3.238,90
135,3.238,90
135,3.238,90
135,3.238,90
135,3.238,90
135,3.238,91
135,3.238,91
134,3.238,91
134,3.238,91
134,3.238,92
133,3.238,92
133,3.238,92
133,3.238,92
132,3.238,91
132,3.238,91
132,3.238,91
131,3.238,91
131,3.238,91
131,3.228,92
130,3.228,92
130,3.228,92
130,3.228,92
129,3.228,92
129,3.228,92
129,3.228,92
129,3.228,92
129,3.228,92
129,3.228,92
129,3.219,92
129,3.219,92
128,3.219,92
128,3.219,92
129,3.219,92
129,3.219,92
129,3.21,92
129,3.21,92
129,3.21,92
129,3.21,92
129,3.21,92
129,3.21,92
129,3.21,92
129,3.2,91
128,3.2,91
128,3.2,91
128,3.2,92
127,3.2,92
127,3.191,92
127,3.191,92
127,3.191,91
127,3.191,91
127,3.191,91
128,3.182,91
128,3.182,91
128,3.182,91
128,3.182,91
128,3.182,91
129,3.172,91
129,3.172,91
129,3.172,91
129,3.172,91
129,3.163,91
129,3.163,91
129,3.163,90
129,3.154,90
129,3.154,90
129,3.154,91
129,3.154,91
129,3.154,91
129,3.154,91
128,3.144,91
128,3.144,91
128,3.144,90
128,3.144,90
128,3.135,90
128,3.135,90
127,3.126,90
127,3.126,90
127,3.116,90
127,3.116,90
126,3.107,90
126,3.107,90
126,3.098,90
125,3.098,90
125,3.088,90
125,3.088,90
125,3.079,90
125,3.079,90
124,3.07,90
124,3.06,90
124,3.06,90
124,3.051,90
124,3.051,90
123,3.042,89
123,3.042,89
123,3.032,89
122,3.032,89
122,3.032,89
122,3.032,89
122,3.032,89
122,3.032,89
122,3.032,89
121,3.032,90
122,3.032,90
122,3.032,90
122,3.032,90
122,3.032,89
122,3.032,89
122,3.032,90
122,3.032,90
123,3.032,90
123,3.032,90
123,3.032,90
123,3.032,90
123,3.032,90
123,3.032,90
123,3.032,90
123,3.032,91
123,3.032,91
123,3.032,91
123,3.032,91
123,3.032,91
123,3.032,92
123,3.032,92
123,3.032,92
123,3.032,92
123,3.032,92
123,3.032,91
123,3.032,91
123,3.032,91
123,3.032,92
123,3.032,92
124,3.032,92
124,3.032,92
124,3.023,92
125,3.023,92
125,3.023,92
125,3.023,92
126,3.014,92
126,3.014,92
127,3.004,92
127,2.995,91
127,2.995,90
128,2.986,90
128,2.986,90
129,2.976,91
129,2.967,91
129,2.967,91
130,2.958,90
130,2.958,90
131,2.948,89
132,2.939,89
132,2.93,89
133,2.93,89
133,2.921,89
134,2.911,89
135,2.902,89
136,2.893,90
136,2.883,90
136,2.883,89
137,2.874,89
137,2.874,90
138,2.865,90
138,2.865,90
139,2.865,90
139,2.865,90
139,2.865,90
139,2.865,90
139,2.865,90
139,2.865,90
139,2.865,90
139,2.865,90
139,2.865,90
139,2.865,90
139,2.874,90
139,2.874,91
138,2.874,91
138,2.883,91
138,2.883,91
138,2.883,91
138,2.883,91
138,2.883,91
138,2.883,91
138,2.883,91
137,2.883,92
137,2.883,92
137,2.883,92
137,2.883,93
137,2.893,93
137,2.893,92
137,2.893,92
137,2.893,92
137,2.893,92
137,2.902,92
137,2.902,91
137,2.902,91
137,2.902,91
137,2.902,91
137,2.902,91
137,2.902,91
137,2.893,91
137,2.893,91
137,2.893,90
138,2.893,90
138,2.893,90
138,2.893,90
138,2.893,91
138,2.893,91
138,2.893,91
138,2.883,90
139,2.865,89
139,2.799,88
139,2.725,88
139,2.641,88
140,2.641,88
140,2.659,89
140,2.659,89
140,2.678,89
140,2.687,90
140,2.846,90
141,2.883,90
141,2.883,90
141,2.902,90
141,2.902,90
141,2.911,90
141,2.921,90
141,2.921,91
142,2.921,91
142,2.921,91
142,2.921,91
142,2.921,92
143,2.921,92
143,2.921,92
143,2.921,92
143,2.921,92
143,2.93,92
143,2.93,91
144,2.93,91
144,2.93,91
144,2.93,91
144,2.921,91
144,2.902,91
144,2.883,90
144,2.865,90
144,2.855,90
144,2.855,90
144,2.846,90
144,2.837,91
144,2.837,91
144,2.837,91
143,2.846,91
143,2.846,91
143,2.846,91
143,2.855,92
143,2.855,92
143,2.855,92
143,2.865,92
143,2.865,92
143,2.874,91
143,2.874,90
144,2.874,90
144,2.874,90
144,2.874,90
145,2.874,90
146,2.874,90
146,2.874,90
146,2.874,90
147,2.874,91
147,2.874,91
147,2.883,91
147,2.883,90
148,2.883,90
148,2.893,90
148,2.893,90
148,2.902,90
148,2.911,90
148,2.911,90
149,2.921,90
149,2.921,90
148,2.93,91
148,2.939,91
148,2.939,91
148,2.948,90
148,2.958,90
148,2.958,90
147,2.967,90
147,2.976,91
147,2.976,91
147,2.986,91
147,2.995,91
147,2.995,91
147,3.004,91
146,3.004,91
146,3.004,91
146,3.014,91
146,3.014,92
146,3.014,92
146,3.014,92
146,3.014,91
145,3.023,91
145,3.023,92
145,3.023,92
145,3.023,92
145,3.023,91
145,3.023,91
145,3.023,91
145,3.023,91
145,3.023,90
146,3.014,90
146,3.014,91
146,3.004,91
146,3.004,91
147,2.995,91
147,2.995,89
147,2.986,89
147,2.976,91
148,2.967,91
148,2.958,91
149,2.948,90
149,2.939,90
149,2.93,89
150,2.921,89
150,2.911,89
150,2.902,89
150,2.893,89
150,2.883,89
151,2.874,89
151,2.865,89
151,2.855,89
152,2.846,90
152,2.837,90
152,2.827,90
153,2.818,91
153,2.809,91
154,2.799,91
154,2.799,91
154,2.79,90
155,2.781,90
155,2.771,90
155,2.762,89
156,2.762,89
156,2.753,91
156,2.743,91
156,2.734,91
157,2.725,91
157,2.725,90
157,2.715,90
158,2.715,90
158,2.706,89
158,2.697,89
158,2.687,89
158,2.678,90
159,2.678,90
159,2.669,90
159,2.659,90
160,2.65,90
160,2.641,89
160,2.641,89
160,2.631,89
160,2.631,89
161,2.622,90
161,2.622,90
161,2.613,90
161,2.613,89
161,2.603,89
162,2.603,89
162,2.594,90
162,2.594,90
162,2.594,90
163,2.585,90
163,2.585,90
163,2.585,91
163,2.585,91
163,2.575,91
163,2.575,91
163,2.575,91
163,2.575,91
163,2.566,89
163,2.566,89
163,2.566,91
163,2.566,91
163,2.566,90
163,2.566,90
164,2.557,91
164,2.557,91
164,2.566,90
164,2.566,90
164,2.566,90
164,2.557,90
164,2.557,90
164,2.557,90
164,2.557,90
164,2.557,90
163,2.557,91
163,2.557,91
163,2.557,91
163,2.557,90
163,2.557,90
163,2.557,90
163,2.557,90
163,2.557,90
162,2.557,90
162,2.547,90
162,2.547,90
162,2.547,90
162,2.547,90
162,2.547,90
162,2.547,90
162,2.547,90
163,2.547,90
163,2.538,90
163,2.538,90
163,2.538,90
163,2.538,90
163,2.538,90
163,2.538,90
163,2.538,90
163,2.538,90
164,2.538,90
164,2.529,90
164,2.529,90
164,2.529,91
164,2.529,91
165,2.529,91
165,2.529,90
165,2.529,90
165,2.519,90
165,2.519,90
166,2.519,90
166,2.519,90
166,2.51,90
166,2.51,90
166,2.501,90
166,2.501,90
166,2.501,91
165,2.491,91
165,2.491,91
165,2.491,91
165,2.491,91
165,2.491,91
165,2.491,91
165,2.501,90
164,2.501,90
164,2.491,90
164,2.491,90
164,2.491,90
164,2.482,90
164,2.482,90
164,2.473,90
164,2.473,90
165,2.463,90
165,2.463,90
165,2.454,90
165,2.454,90
165,2.454,90
165,2.454,90
165,2.454,90
165,2.454,90
165,2.454,90
165,2.463,90
165,2.463,91
165,2.473,91
165,2.473,91
165,2.482,91
165,2.491,91
165,2.501,91
164,2.501,92
164,2.51,92
164,2.51,91
164,2.519,90
165,2.519,90
165,2.529,90
165,2.529,90
165,2.538,90
165,2.538,91
165,2.538,91
165,2.547,90
165,2.547,90
165,2.547,91
165,2.547,91
165,2.547,91
165,2.547,90
165,2.547,90
165,2.547,90
164,2.547,90
164,2.547,90
164,2.547,90
164,2.547,90
164,2.547,91
164,2.557,91
164,2.557,90
164,2.557,90
164,2.557,90
164,2.557,90
164,2.557,90
164,2.557,91
164,2.557,91
164,2.557,90
164,2.557,90
164,2.557,90
164,2.557,90
164,2.557,90
163,2.566,90
164,2.566,90
164,2.566,90
164,2.566,90
164,2.575,90
164,2.575,90
164,2.575,90
164,2.585,90
164,2.594,90
165,2.603,90
165,2.613,91
165,2.631,91
165,2.641,91
165,2.659,91
165,2.669,91
165,2.678,91
165,2.678,91
165,2.687,91
165,2.697,90
165,2.706,90
165,2.715,90
165,2.725,91
164,2.725,91
164,2.725,91
164,2.725,90
163,2.715,90
163,2.715,90
163,2.725,90
163,2.725,90
163,2.734,91
162,2.734,91
162,2.743,91
162,2.753,91
162,2.762,91
162,2.771,91
162,2.781,91
162,2.79,91
162,2.799,90
162,2.809,90
162,2.809,90
162,2.818,90
162,2.818,90
162,2.818,91
162,2.827,91
162,2.827,91
162,2.827,91
162,2.827,92
162,2.827,92
162,2.827,92
162,2.818,89
161,2.818,89
161,2.809,89
161,2.809,90
161,2.809,91
161,2.809,91
161,2.809,91
160,2.809,90
160,2.809,90
160,2.799,89
160,2.79,89
160,2.781,89
159,2.781,89
159,2.771,89
159,2.771,89
159,2.762,90
159,2.762,90
159,2.753,90
159,2.753,90
160,2.743,91
160,2.734,91
160,2.725,90
160,2.725,90
160,2.715,91
161,2.706,91
161,2.697,90
161,2.697,90
161,2.687,91
161,2.687,91
161,2.678,91
161,2.678,91
162,2.678,90
162,2.678,90
162,2.669,89
161,2.669,89
161,2.659,90
161,2.659,90
161,2.659,90
161,2.65,90
161,2.65,90
161,2.65,90
161,2.65,90
161,2.65,90
161,2.65,91
161,2.65,91
161,2.65,91
161,2.659,91
162,2.659,91
162,2.659,91
162,2.669,90
162,2.669,90
162,2.669,91
162,2.678,91
163,2.687,91
163,2.687,91
163,2.697,92
163,2.697,92
163,2.706,92
163,2.715,91
163,2.715,91
163,2.725,91
163,2.725,91
162,2.734,91
162,2.743,91
162,2.743,92
162,2.753,92
162,2.762,92
162,2.762,92
162,2.771,91
161,2.781,91
161,2.781,91
161,2.79,91
161,2.799,90
161,2.799,90
161,2.809,90
161,2.809,90
161,2.818,90
160,2.827,90
160,2.827,90
160,2.837,90
160,2.846,90
159,2.846,89
159,2.855,89
159,2.865,89
158,2.874,89
158,2.874,89
157,2.883,89
157,2.883,89
157,2.893,89
156,2.893,89
156,2.902,89
155,2.902,89
155,2.911,89
155,2.911,89
154,2.911,89
154,2.911,89
153,2.921,89
152,2.921,89
152,2.921,90
151,2.921,90
151,2.93,90
150,2.93,89
150,2.93,89
150,2.93,89
149,2.939,89
149,2.939,89
148,2.948,89
148,2.948,90
147,2.948,90
147,2.958,90
146,2.958,90
146,2.958,90
146,2.967,90
145,2.967,90
145,2.976,90
145,2.976,90
144,2.986,90
144,2.986,90
144,2.995,90
143,2.995,90
143,3.004,91
143,3.004,91
142,3.014,90
142,3.014,90
142,3.014,90
142,3.014,90
142,3.023,89
141,3.023,89
141,3.023,89
140,3.023,89
140,3.023,89
140,3.023,89
140,3.023,88
139,3.023,88
139,3.023,88
138,3.023,88
138,3.023,87
137,3.014,87
137,3.014,87
137,3.004,87
137,2.995,86
137,2.986,86
137,2.976,86
137,2.967,86
137,2.948,87
137,2.921,87
137,2.893,87
137,2.874,87
137,2.846,87
137,2.827,88
137,2.809,88
137,2.799,87
137,2.79,87
136,2.771,87
136,2.771,88
136,2.781,88
136,2.781,88
135,2.781,88
135,2.781,88
135,2.781,88
134,2.771,88
134,2.771,88
134,2.781,88
133,2.837,88
133,2.902,88
133,2.967,88
132,2.976,88
132,2.986,88
132,3.004,88
132,3.023,88
131,3.023,89
131,3.042,89
131,3.06,89
131,3.06,89
131,3.06,89
131,3.051,89
131,3.051,89
131,3.051,89
131,3.051,89
131,3.051,90
131,3.06,90
131,3.06,90
131,3.07,90
132,3.088,89
132,3.116,89
133,3.144,90
133,3.172,90
134,3.2,90
134,3.21,90
134,3.228,90
135,3.228,90
135,3.228,90
136,3.238,89
136,3.238,89
136,3.238,89
137,3.238,89
137,3.219,88
137,3.21,88
138,3.2,88
138,3.182,88
138,3.154,88
138,3.135,87
138,3.116,87
138,3.098,87
139,3.088,87
139,3.07,87
140,3.051,87
140,3.032,87
141,3.014,87
141,3.004,87
142,2.995,88
142,2.967,88
143,2.93,88
143,2.874,88
144,2.799,88
145,2.734,88
145,2.687,87
146,2.678,87
147,2.687,87
147,2.697,88
148,2.725,88
149,2.762,88
149,2.79,88
150,2.79,88
151,2.781,88
151,2.771,88
152,2.753,88
152,2.734,88
153,2.706,87
153,2.697,87
154,2.678,87
154,2.659,87
154,2.65,88
155,2.641,88
155,2.594,88
155,2.585,88
156,2.585,88
156,2.585,88
156,2.585,87
156,2.585,87
157,2.575,87
158,2.566,87
158,2.557,87
158,2.547,88
159,2.538,88
159,2.529,88
159,2.519,88
160,2.51,88
160,2.501,88
160,2.501,88
160,2.491,88
161,2.491,88
161,2.482,88
161,2.482,88
161,2.473,88
161,2.463,88
161,2.463,87
162,2.463,87
162,2.454,87
162,2.454,87
162,2.445,87
162,2.435,86
162,2.426,86
162,2.417,87
163,2.417,87
163,2.407,87
163,2.407,87
163,2.398,87
163,2.398,87
163,2.389,87
163,2.379,87
164,2.379,87
164,2.37,87
164,2.37,87
164,2.361,87
164,2.351,87
164,2.342,87
164,2.333,87
164,2.333,87
164,2.323,87
165,2.314,87
165,2.314,87
165,2.314,87
165,2.305,87
165,2.305,88
165,2.295,88
165,2.295,88
165,2.295,88
165,2.295,88
165,2.295,88
165,2.295,88
165,2.305,88
165,2.305,89
165,2.305,89
165,2.305,89
165,2.305,89
165,2.314,89
165,2.314,89
165,2.314,89
165,2.314,89
165,2.323,89
165,2.323,89
166,2.323,89
166,2.333,89
166,2.333,89
166,2.333,89
167,2.333,89
167,2.333,89
167,2.333,89
167,2.342,88
167,2.342,88
168,2.342,88
168,2.351,89
168,2.351,89
168,2.351,89
168,2.351,89
168,2.351,89
168,2.351,89
168,2.351,89
168,2.361,89
169,2.361,89
169,2.361,89
169,2.361,89
169,2.361,89
169,2.361,89
169,2.361,89
169,2.361,89
169,2.361,89
169,2.361,89
169,2.361,89
169,2.361,89
169,2.361,89
169,2.37,89
169,2.37,89
169,2.37,90
169,2.37,90
169,2.37,90
169,2.379,90
169,2.379,90
169,2.379,90
169,2.389,89
169,2.389,89
169,2.389,90
169,2.398,90
169,2.398,89
169,2.398,89
169,2.407,89
169,2.407,89
169,2.407,90
169,2.417,91
169,2.417,91
168,2.426,91
169,2.426,91
169,2.435,91
169,2.435,91
169,2.445,91
169,2.445,90
169,2.454,89
169,2.463,89
169,2.473,90
169,2.482,91
169,2.482,91
169,2.491,90
169,2.501,90
169,2.51,89
169,2.519,89
169,2.519,90
169,2.529,90
169,2.538,90
169,2.547,91
169,2.547,91
169,2.547,91
169,2.557,91
169,2.557,90
169,2.557,90
169,2.566,90
169,2.575,90
169,2.575,90
169,2.585,90
169,2.585,90
169,2.585,90
169,2.594,90
169,2.594,90
168,2.603,90
168,2.603,90
168,2.603,90
168,2.603,90
168,2.603,90
168,2.603,90
168,2.603,90
168,2.603,90
168,2.603,90
168,2.603,91
168,2.613,91
168,2.613,91
168,2.613,90
168,2.622,90
168,2.622,90
167,2.631,90
167,2.631,90
167,2.641,90
167,2.641,91
167,2.65,92
167,2.65,92
167,2.659,90
167,2.659,90
167,2.659,90
167,2.669,90
167,2.669,90
167,2.669,90
167,2.678,90
167,2.678,90
167,2.678,91
167,2.678,91
167,2.678,91
167,2.678,90
167,2.687,90
167,2.687,91
167,2.687,91
167,2.687,91
168,2.697,91
168,2.697,90
168,2.697,90
168,2.697,90
168,2.706,90
168,2.706,91
168,2.706,91
168,2.706,91
168,2.706,91
168,2.706,91
168,2.706,91
168,2.706,91
168,2.706,91
168,2.706,91
168,2.706,91
168,2.706,90
168,2.706,90
168,2.706,90
168,2.706,90
168,2.706,90
168,2.706,90
168,2.706,90
168,2.706,90
168,2.706,90
168,2.706,90
168,2.706,90
168,2.706,90
168,2.706,90
168,2.706,91
168,2.715,91
168,2.715,91
167,2.715,91
167,2.715,90
167,2.715,90
167,2.725,90
167,2.725,90
167,2.725,90
167,2.725,90
167,2.734,90
167,2.734,90
167,2.734,90
167,2.734,90
167,2.743,90
167,2.743,91
167,2.743,91
167,2.753,91
167,2.753,91
167,2.762,91
167,2.762,90
167,2.762,90
167,2.762,90
167,2.771,90
167,2.771,90
167,2.771,90
167,2.781,90
167,2.781,90
167,2.781,90
167,2.781,90
167,2.781,90
167,2.79,90
167,2.79,90
167,2.79,91
167,2.79,91
167,2.79,90
167,2.79,90
167,2.781,91
167,2.781,91
167,2.771,91
167,2.771,90
167,2.771,90
167,2.762,90
167,2.762,90
167,2.762,91
167,2.762,91
166,2.762,90
166,2.762,90
166,2.762,90
166,2.762,90
166,2.762,90
166,2.762,91
166,2.762,91
165,2.762,91
165,2.762,90
165,2.762,90
165,2.762,90
164,2.762,90
164,2.762,90
164,2.762,90
163,2.762,89
163,2.762,89
163,2.762,89
162,2.762,89
162,2.762,89
162,2.771,89
161,2.771,89
161,2.771,89
161,2.781,89
160,2.781,89
160,2.79,89
159,2.799,90
159,2.799,91
158,2.809,91
158,2.818,91
157,2.818,91
157,2.818,91
156,2.827,91
156,2.827,91
156,2.827,91
156,2.827,91
155,2.837,91
155,2.837,91
155,2.837,91
154,2.837,91
154,2.827,91
154,2.827,90
154,2.827,90
153,2.827,90
153,2.818,90
153,2.818,90
153,2.818,90
153,2.818,90
153,2.818,90
153,2.809,91
152,2.809,91
152,2.809,91
152,2.809,91
152,2.809,91
152,2.809,91
153,2.818,92
153,2.818,92
153,2.818,91
153,2.818,91
153,2.818,90
153,2.818,90
153,2.827,90
153,2.827,90
153,2.827,91
153,2.827,91
153,2.837,91
154,2.837,91
154,2.827,91
154,2.827,91
154,2.837,91
154,2.837,91
155,2.837,90
155,2.827,90
155,2.799,90
156,2.79,90
156,2.771,90
156,2.762,90
157,2.762,90
158,2.762,90
158,2.771,90
159,2.79,90
159,2.809,89
159,2.818,89
160,2.818,88
160,2.827,88
160,2.837,87
161,2.846,87
161,2.846,87
161,2.855,86
162,2.855,86
162,2.865,85
162,2.874,85
162,2.893,85
162,2.902,85
162,2.911,85
162,2.921,85
162,2.93,85
162,2.939,86
162,2.948,86
162,2.967,87
162,2.976,87
161,2.976,87
161,2.986,87
161,2.995,87
161,3.004,87
160,3.014,87
160,3.014,87
159,3.023,87
159,3.023,87
158,3.023,87
158,3.023,85
157,3.023,83
156,3.014,83
155,3.004,81
155,2.995,81
154,2.976,80
153,2.948,80
152,2.93,80
152,2.921,80
151,2.902,79
150,2.893,80
150,2.874,81
149,2.865,84
148,2.865,85
148,2.855,87
147,2.855,88
146,2.865,88
146,2.865,88
145,2.874,88
145,2.883,88
145,2.883,88
145,2.893,88
144,2.893,88
145,2.893,88
145,2.902,88
145,2.902,88
145,2.902,88
145,2.902,89
146,2.911,89
146,2.911,90
147,2.911,90
147,2.921,90
148,2.93,90
149,2.93,90
150,2.939,90
150,2.948,90
151,2.958,90
151,2.958,90
152,2.967,90
152,2.976,90
153,2.986,90
153,2.995,90
154,2.995,91
154,3.004,91
155,3.014,91
155,3.014,90
155,3.023,90
156,3.023,90
156,3.032,90
156,3.032,90
157,3.032,91
157,3.032,91
157,3.032,90
157,3.032,89
157,3.032,89
157,3.032,89
157,3.032,89
157,3.032,89
157,3.032,89
157,3.032,89
157,3.032,89
157,3.032,89
157,3.032,89
157,3.032,89
157,3.023,89
156,3.023,89
156,3.023,89
156,3.014,90
156,3.014,90
156,3.014,89
156,3.004,89
156,3.004,89
157,2.995,89
157,2.995,89
157,2.986,89
157,2.976,89
158,2.976,89
158,2.967,89
158,2.967,89
159,2.958,89
159,2.958,89
159,2.948,90
159,2.948,90
159,2.939,90
159,2.939,90
160,2.939,90
160,2.93,90
160,2.93,90
160,2.939,90
160,2.939,90
161,2.939,90
161,2.939,90
161,2.939,90
161,2.948,90
162,2.948,90
162,2.948,90
162,2.958,91
163,2.958,91
163,2.967,90
163,2.967,90
163,2.976,89
164,2.986,90
164,2.995,90
164,3.004,90
164,3.004,90
164,3.014,91
164,3.023,91
164,3.032,91
164,3.032,91
164,3.06,91
164,3.098,91
163,3.126,91
163,3.163,91
163,3.191,91
163,3.219,90
162,3.238,90
162,3.238,90
162,3.228,90
162,3.219,89
162,3.21,89
161,3.2,89
161,3.182,89
161,3.182,91
161,3.163,91
161,3.154,91
161,3.144,90
161,3.135,90
161,3.116,90
160,3.116,90
160,3.116,90
160,3.126,89
160,3.126,89
160,3.107,89
160,3.107,89
159,3.116,89
159,3.2,89
159,3.238,89
159,3.284,89
158,3.34,89
158,3.34,89
158,3.34,89
157,3.35,89
157,3.368,89
157,3.387,89
157,3.387,90
156,3.387,90
156,3.396,90
156,3.406,89
155,3.415,89
155,3.424,89
155,3.434,89
155,3.443,89
155,3.452,89
155,3.452,89
154,3.452,89
154,3.462,88
153,3.462,88
153,3.471,88
153,3.48,88
153,3.49,88
153,3.49,87
152,3.48,87
152,3.471,88
152,3.462,89
152,3.452,89
152,3.443,89
152,3.434,89
152,3.434,89
152,3.424,89
152,3.424,88
152,3.424,88
152,3.415,88
152,3.415,88
152,3.415,87
152,3.415,87
152,3.406,86
152,3.406,84
152,3.396,82
152,3.387,82
152,3.387,83
152,3.368,83
152,3.359,85
152,3.35,86
152,3.35,87
151,3.35,87
151,3.359,87
151,3.378,87
151,3.387,87
152,3.396,87
152,3.396,87
152,3.406,87
152,3.415,86
152,3.424,86
152,3.434,86
152,3.434,86
152,3.434,86
151,3.443,86
151,3.443,87
151,3.443,87
151,3.443,87
151,3.443,87
150,3.443,87
150,3.434,87
149,3.424,86
149,3.415,86
149,3.406,85
148,3.396,85
148,3.387,86
148,3.387,86
147,3.378,86
147,3.368,86
147,3.359,86
